Pollutant:,NOX,Unit: grams,,,,,,,,,,,,,,,,,,,,,,,,,,,,,,,,,,
,2015.0,2016.0,2017.0,2018.0,2019.0,2020.0,2021.0,2022.0,2023.0,2024.0,2025.0,2026.0,2027.0,2028.0,2029.0,2030.0,2031.0,2032.0,2033.0,2034.0,2035.0,2036.0,2037.0,2038.0,2039.0,2040.0,2041.0,2042.0,2043.0,2044.0,2045.0,2046.0,2047.0,2048.0,2049.0,2050.0
agriculture and forestry 01T03,0.0,0.0,0.0,0.0,0.0,60969.089390142,61388.471177945,64729.658792651,65477.651183173,66565.471856887,67034.669740509,67701.600690854,68352.844536492,68835.679072712,69427.970597757,69888.112159639,69527.305886138,69689.675551606,69453.163386819,69266.953280085,69179.125824231,68949.189797697,68930.927418614,68934.1952735,68992.833107957,69049.116851179,69078.193316077,69122.825632034,69193.082943925,69352.528519171,69934.288896993,70530.334945854,71134.428091822,71640.774204404,72178.523899986,72610.965421883
coal mining 05,0.0,0.0,0.0,0.0,0.0,0.0,0.0,0.0,0.0,0.0,0.0,0.0,0.0,0.0,0.0,0.0,0.0,0.0,0.0,0.0,0.0,0.0,0.0,0.0,0.0,0.0,0.0,0.0,0.0,0.0,0.0,0.0,0.0,0.0,0.0,0.0
oil and gas extraction 06,0.0,0.0,0.0,0.0,0.0,68964542344.5826,65364518495.24598,66167458371.710526,67212189167.701866,72069450934.89372,72654870548.61966,71031111835.56256,71531070670.91988,74594746328.40833,75988142313.8775,78056633375.18704,78930920935.48431,80365941671.68423,80938116911.70413,81387704486.63824,81428524042.87228,81615431316.50082,82122780433.91127,82091482807.03362,82854348628.6795,84094437488.6922,83930377878.87317,84642703124.82886,84628574497.88474,85539214968.79022,86132693664.25179,87080388013.87721,86510568796.54869,86604125797.91727,87222269840.53442,88294881838.45305
other mining and quarrying 07T08,0.0,0.0,0.0,0.0,0.0,0.0,0.0,0.0,0.0,0.0,0.0,0.0,0.0,0.0,0.0,0.0,0.0,0.0,0.0,0.0,0.0,0.0,0.0,0.0,0.0,0.0,0.0,0.0,0.0,0.0,0.0,0.0,0.0,0.0,0.0,0.0
food beverage and tobacco 10T12,0.0,0.0,0.0,0.0,0.0,0.0,0.0,0.0,0.0,0.0,0.0,0.0,0.0,0.0,0.0,0.0,0.0,0.0,0.0,0.0,0.0,0.0,0.0,0.0,0.0,0.0,0.0,0.0,0.0,0.0,0.0,0.0,0.0,0.0,0.0,0.0
textiles apparel and leather 13T15,0.0,0.0,0.0,0.0,0.0,0.0,0.0,0.0,0.0,0.0,0.0,0.0,0.0,0.0,0.0,0.0,0.0,0.0,0.0,0.0,0.0,0.0,0.0,0.0,0.0,0.0,0.0,0.0,0.0,0.0,0.0,0.0,0.0,0.0,0.0,0.0
wood products 16,0.0,0.0,0.0,0.0,0.0,0.0,0.0,0.0,0.0,0.0,0.0,0.0,0.0,0.0,0.0,0.0,0.0,0.0,0.0,0.0,0.0,0.0,0.0,0.0,0.0,0.0,0.0,0.0,0.0,0.0,0.0,0.0,0.0,0.0,0.0,0.0
pulp paper and printing 17T18,0.0,0.0,0.0,0.0,0.0,4690623541.887593,4690958703.606899,5317335380.557448,5290023086.530204,5297573273.798235,5215630494.735454,5246445352.406267,5255512020.295671,5292155402.350855,5333061114.0359125,5351091229.32608,5397914703.025896,5450610990.606965,5468670214.126637,5501795936.556498,5530884731.387316,5541121956.891651,5582878698.889301,5596568074.185308,5629518622.311047,5671081534.121737,5719094159.715438,5763094857.687519,5814828433.6597,5848259101.479106,5847597565.230121,5847003503.81941,5862718874.759619,5862891590.57175,5862023484.5868025,5885745480.068139
refined petroleum and coke 19,0.0,0.0,0.0,0.0,0.0,11717798369.807951,11753986776.859505,12067893093.98582,13907300131.252733,14323108783.096273,14800550339.49067,16084116242.185684,16060020447.457603,15788490373.749802,15479436447.391418,16113556740.449411,15908972390.619417,16170580579.72715,16061169170.01919,16328871142.087767,16432427914.36868,16633236326.30351,16506464469.325666,16539024269.29357,16535512332.157742,16409548149.096964,16468852737.071135,16543958908.786766,16441976575.227726,16386392098.056992,17807483249.634995,17700464112.45073,17049246422.354452,16812805455.176989,16357565440.956457,16789025397.856524
chemicals 20,0.0,0.0,0.0,0.0,0.0,16709338537.990635,1878654539.9213626,1554080571.6699836,1627362490.2620451,2848371785.193835,1513397134.0907536,707842732.8733093,1254176608.385379,1829323819.1097605,2337078330.012047,2715344105.1629233,2980543378.3114853,3208448954.396988,3674409138.248509,4093271606.1208673,4420550348.417492,4892426413.095368,5341874153.307821,5645587601.846353,5945914214.752025,6212104324.049444,6467831191.2306795,6952580622.873268,7545286161.577594,7999954380.970925,8500207358.651457,8665117710.547415,8877686819.856525,8962519271.680597,9178035199.361652,9717109465.27978
rubber and plastic products 22,0.0,0.0,0.0,0.0,0.0,0.0,0.0,0.0,0.0,0.0,0.0,0.0,0.0,0.0,0.0,0.0,0.0,0.0,0.0,0.0,0.0,0.0,0.0,0.0,0.0,0.0,0.0,0.0,0.0,0.0,0.0,0.0,0.0,0.0,0.0,0.0
glass and glass products 231,0.0,0.0,0.0,0.0,0.0,0.0,0.0,0.0,0.0,0.0,0.0,0.0,0.0,0.0,0.0,0.0,0.0,0.0,0.0,0.0,0.0,0.0,0.0,0.0,0.0,0.0,0.0,0.0,0.0,0.0,0.0,0.0,0.0,0.0,0.0,0.0
cement and other nonmetallic minerals 239,0.0,0.0,0.0,0.0,0.0,11570905713.354342,11055179434.52381,11488335182.625864,11268549297.597042,12684711176.168447,11571036381.384941,10815599974.345348,10472633614.180162,10407913097.817463,10298348733.148285,10174910844.099539,10081912057.768661,8423075771.903035,8137096891.65484,7786414672.184154,7427899530.569371,7142452120.396273,6977359921.541518,6725017610.981895,6500476112.039528,6316473989.082131,6130218168.202877,5982643945.708546,5879474687.201812,5751078207.809394,5611592053.1378565,5521974347.607679,5447598355.892507,5370044659.262954,5321676385.635406,5254128570.201278
iron and steel 241,0.0,0.0,0.0,0.0,0.0,2231101658.4230433,2632111129.9626737,2570565727.391875,2456069068.3229814,2361736123.967877,2180655183.6388903,2023810625.6358342,1987001772.8807461,2023895167.6450377,2049689538.2556643,2014383513.6557484,1949310178.098781,1944452602.9785938,1936660020.5343025,1961354289.0424762,1965998159.5099862,1973053452.5480816,2006038019.6181576,2025876134.0517309,2051295554.6850703,2060755964.234875,2062560889.9142451,2090495904.3739967,2135186518.224814,2163178297.607587,2163345702.4365225,2148427534.7327704,2131110626.7062633,2099747180.7650962,2084755190.7544355,2112774363.6578395
other metals 242,0.0,0.0,0.0,0.0,0.0,119362101.01010102,121129993.71727748,132632991.09131403,133103231.94748358,138189453.16735026,135374101.13809127,135962083.25326136,140185598.71915784,146488864.05230865,151334114.70692435,154756774.0480159,156304815.44642097,155963127.034629,155225531.82553574,155289202.48907676,156241095.91465202,157562397.28209877,159237613.28849757,160005348.11234483,161994292.51741895,162618339.3511554,163286305.62172288,164498381.709067,166400610.11353815,167813355.881081,169138774.14298707,168701130.50151107,169646859.47853324,169827163.63333687,169644734.385848,171723159.7342985
metal products except machinery and vehicles 25,0.0,0.0,0.0,0.0,0.0,0.0,0.0,0.0,0.0,0.0,0.0,0.0,0.0,0.0,0.0,0.0,0.0,0.0,0.0,0.0,0.0,0.0,0.0,0.0,0.0,0.0,0.0,0.0,0.0,0.0,0.0,0.0,0.0,0.0,0.0,0.0
computers and electronics 26,0.0,0.0,0.0,0.0,0.0,0.0,0.0,0.0,0.0,0.0,0.0,0.0,0.0,0.0,0.0,0.0,0.0,0.0,0.0,0.0,0.0,0.0,0.0,0.0,0.0,0.0,0.0,0.0,0.0,0.0,0.0,0.0,0.0,0.0,0.0,0.0
appliances and electrical equipment 27,0.0,0.0,0.0,0.0,0.0,0.0,0.0,0.0,0.0,0.0,0.0,0.0,0.0,0.0,0.0,0.0,0.0,0.0,0.0,0.0,0.0,0.0,0.0,0.0,0.0,0.0,0.0,0.0,0.0,0.0,0.0,0.0,0.0,0.0,0.0,0.0
other machinery 28,0.0,0.0,0.0,0.0,0.0,0.0,0.0,0.0,0.0,0.0,0.0,0.0,0.0,0.0,0.0,0.0,0.0,0.0,0.0,0.0,0.0,0.0,0.0,0.0,0.0,0.0,0.0,0.0,0.0,0.0,0.0,0.0,0.0,0.0,0.0,0.0
road vehicles 29,0.0,0.0,0.0,0.0,0.0,0.0,0.0,0.0,0.0,0.0,0.0,0.0,0.0,0.0,0.0,0.0,0.0,0.0,0.0,0.0,0.0,0.0,0.0,0.0,0.0,0.0,0.0,0.0,0.0,0.0,0.0,0.0,0.0,0.0,0.0,0.0
nonroad vehicles 30,0.0,0.0,0.0,0.0,0.0,0.0,0.0,0.0,0.0,0.0,0.0,0.0,0.0,0.0,0.0,0.0,0.0,0.0,0.0,0.0,0.0,0.0,0.0,0.0,0.0,0.0,0.0,0.0,0.0,0.0,0.0,0.0,0.0,0.0,0.0,0.0
other manufacturing 31T33,0.0,0.0,0.0,0.0,0.0,398020580.0882168,392568448.32049304,472659061.99625325,455465910.98270696,461106030.41655636,445506264.2203535,441790635.33462775,443652898.8650958,448108773.7521612,456177345.3269746,464892011.7890021,471620363.69272876,483965093.0340554,494651393.3415024,505809793.46017957,514178293.5764465,519981992.2316149,528497449.013136,537122542.4964881,546302654.2930285,555485287.2293948,564384936.6094112,572551520.759969,579528537.5584451,587832143.970493,599091178.9257485,607944750.7801533,616815449.9079434,625072565.4482517,632122011.613458,649295088.5037954
energy pipelines and gas processing 352T353,0.0,0.0,0.0,0.0,0.0,424290753.09818876,489548945.5669648,539301538.4615384,576100092.3361034,642399009.8925318,652639399.2461085,668721965.9915397,713319726.0644296,723585359.3410959,731478701.6614825,739274021.9240247,725509657.2024685,706090632.0793616,685176836.0475463,670091689.077665,665357485.5548347,666279704.1293899,660674896.9536972,658816237.2308346,651218096.5217434,650808358.3776017,644904582.007792,647305254.3582381,649710212.526132,652786305.3352435,655289954.7616192,655301065.5076214,651298433.4379196,653331027.0690132,654195279.5398575,666337033.3137386
water and waste 36T39,0.0,0.0,0.0,0.0,0.0,0.0,0.0,0.0,0.0,0.0,0.0,0.0,0.0,0.0,0.0,0.0,0.0,0.0,0.0,0.0,0.0,0.0,0.0,0.0,0.0,0.0,0.0,0.0,0.0,0.0,0.0,0.0,0.0,0.0,0.0,0.0
construction 41T43,0.0,0.0,0.0,0.0,0.0,0.0,0.0,0.0,0.0,0.0,0.0,0.0,0.0,0.0,0.0,0.0,0.0,0.0,0.0,0.0,0.0,0.0,0.0,0.0,0.0,0.0,0.0,0.0,0.0,0.0,0.0,0.0,0.0,0.0,0.0,0.0
