Imported Electricity (MW*hour),2020.0,2021.0,2022.0,2023.0,2024.0,2025.0,2026.0,2027.0,2028.0,2029.0,2030.0,2031.0,2032.0,2033.0,2034.0,2035.0,2036.0,2037.0,2038.0,2039.0,2040.0,2041.0,2042.0,2043.0,2044.0,2045.0,2046.0,2047.0,2048.0,2049.0,2050.0
hard coal,4657920.0,4657920.0,4657920.0,3522640.0,2922130.0,2691670.0,2052990.0,1609820.0,2033010.0,1866300.0,1686930.0,1686930.0,1686930.0,1686930.0,1686930.0,1686930.0,1686930.0,1686930.0,1686930.0,1686930.0,1686930.0,1686930.0,1686930.0,1686930.0,1686930.0,1686930.0,1686930.0,1686930.0,1686930.0,1686930.0,1686930.0
natural gas steam turbine,5465240.0,5465240.0,5465240.0,6031660.0,6312320.0,5852300.0,5282590.0,4280100.0,2761840.0,2166270.0,1662250.0,1662250.0,1662250.0,1662250.0,1662250.0,1662250.0,1662250.0,1662250.0,1662250.0,1662250.0,1662250.0,1662250.0,1662250.0,1662250.0,1662250.0,1662250.0,1662250.0,1662250.0,1662250.0,1662250.0,1662250.0
natural gas combined cycle,0.0,0.0,0.0,0.0,0.0,0.0,0.0,0.0,0.0,0.0,0.0,0.0,0.0,0.0,0.0,0.0,0.0,0.0,0.0,0.0,0.0,0.0,0.0,0.0,0.0,0.0,0.0,0.0,0.0,0.0,0.0
nuclear,3268920.0,3268920.0,3268920.0,3532110.0,3586550.0,3754760.0,3818620.0,3883430.0,4115980.0,3937060.0,3734500.0,3734500.0,3734500.0,3734500.0,3734500.0,3734500.0,3734500.0,3734500.0,3734500.0,3734500.0,3734500.0,3734500.0,3734500.0,3734500.0,3734500.0,3734500.0,3734500.0,3734500.0,3734500.0,3734500.0,3734500.0
hydro,227392.0,227392.0,227392.0,292155.0,298680.0,302593.0,320145.0,314214.0,360680.0,358609.0,359223.0,359223.0,359223.0,359223.0,359223.0,359223.0,359223.0,359223.0,359223.0,359223.0,359223.0,359223.0,359223.0,359223.0,359223.0,359223.0,359223.0,359223.0,359223.0,359223.0,359223.0
onshore wind,1801500.0,1801500.0,1801500.0,1910810.0,1910030.0,2108830.0,2493880.0,2982650.0,3047430.0,3155360.0,3227360.0,3227360.0,3227360.0,3227360.0,3227360.0,3227360.0,3227360.0,3227360.0,3227360.0,3227360.0,3227360.0,3227360.0,3227360.0,3227360.0,3227360.0,3227360.0,3227360.0,3227360.0,3227360.0,3227360.0,3227360.0
solar PV,541708.0,541708.0,541708.0,712878.0,1012060.0,1554480.0,2303570.0,3206620.0,3968710.0,4802100.0,5617370.0,5617370.0,5617370.0,5617370.0,5617370.0,5617370.0,5617370.0,5617370.0,5617370.0,5617370.0,5617370.0,5617370.0,5617370.0,5617370.0,5617370.0,5617370.0,5617370.0,5617370.0,5617370.0,5617370.0,5617370.0
solar thermal,0.0,0.0,0.0,0.0,0.0,0.0,0.0,0.0,0.0,0.0,0.0,0.0,0.0,0.0,0.0,0.0,0.0,0.0,0.0,0.0,0.0,0.0,0.0,0.0,0.0,0.0,0.0,0.0,0.0,0.0,0.0
biomass,14058.0,14058.0,14058.0,13744.1,12832.3,11645.9,11752.2,11822.2,9150.5,8530.69,8030.88,8030.88,8030.88,8030.88,8030.88,8030.88,8030.88,8030.88,8030.88,8030.88,8030.88,8030.88,8030.88,8030.88,8030.88,8030.88,8030.88,8030.88,8030.88,8030.88,8030.88
geothermal,0.0,0.0,0.0,0.0,0.0,0.0,0.0,0.0,0.0,0.0,0.0,0.0,0.0,0.0,0.0,0.0,0.0,0.0,0.0,0.0,0.0,0.0,0.0,0.0,0.0,0.0,0.0,0.0,0.0,0.0,0.0
petroleum,176922.0,176922.0,176922.0,137666.0,99064.1,73643.3,66382.4,61269.8,53120.9,55694.3,54263.0,54263.0,54263.0,54263.0,54263.0,54263.0,54263.0,54263.0,54263.0,54263.0,54263.0,54263.0,54263.0,54263.0,54263.0,54263.0,54263.0,54263.0,54263.0,54263.0,54263.0
natural gas peaker,0.0,0.0,0.0,0.0,0.0,0.0,0.0,0.0,0.0,0.0,0.0,0.0,0.0,0.0,0.0,0.0,0.0,0.0,0.0,0.0,0.0,0.0,0.0,0.0,0.0,0.0,0.0,0.0,0.0,0.0,0.0
lignite,0.0,0.0,0.0,0.0,0.0,0.0,0.0,0.0,0.0,0.0,0.0,0.0,0.0,0.0,0.0,0.0,0.0,0.0,0.0,0.0,0.0,0.0,0.0,0.0,0.0,0.0,0.0,0.0,0.0,0.0,0.0
offshore wind,0.0,0.0,0.0,0.0,0.0,0.0,0.0,0.0,0.0,0.0,0.0,0.0,0.0,0.0,0.0,0.0,0.0,0.0,0.0,0.0,0.0,0.0,0.0,0.0,0.0,0.0,0.0,0.0,0.0,0.0,0.0
crude oil,0.0,0.0,0.0,0.0,0.0,0.0,0.0,0.0,0.0,0.0,0.0,0.0,0.0,0.0,0.0,0.0,0.0,0.0,0.0,0.0,0.0,0.0,0.0,0.0,0.0,0.0,0.0,0.0,0.0,0.0,0.0
heavy or residual fuel oil,0.0,0.0,0.0,0.0,0.0,0.0,0.0,0.0,0.0,0.0,0.0,0.0,0.0,0.0,0.0,0.0,0.0,0.0,0.0,0.0,0.0,0.0,0.0,0.0,0.0,0.0,0.0,0.0,0.0,0.0,0.0
municipal solid waste,0.0,0.0,0.0,0.0,0.0,0.0,0.0,0.0,0.0,0.0,0.0,0.0,0.0,0.0,0.0,0.0,0.0,0.0,0.0,0.0,0.0,0.0,0.0,0.0,0.0,0.0,0.0,0.0,0.0,0.0,0.0
hard coal w CCS,0.0,0.0,0.0,0.0,0.0,0.0,0.0,0.0,0.0,0.0,0.0,0.0,0.0,0.0,0.0,0.0,0.0,0.0,0.0,0.0,0.0,0.0,0.0,0.0,0.0,0.0,0.0,0.0,0.0,0.0,0.0
natural gas combined cycle w CCS,0.0,0.0,0.0,0.0,0.0,0.0,0.0,0.0,0.0,0.0,0.0,0.0,0.0,0.0,0.0,0.0,0.0,0.0,0.0,0.0,0.0,0.0,0.0,0.0,0.0,0.0,0.0,0.0,0.0,0.0,0.0
biomass w CCS,0.0,0.0,0.0,0.0,0.0,0.0,0.0,0.0,0.0,0.0,0.0,0.0,0.0,0.0,0.0,0.0,0.0,0.0,0.0,0.0,0.0,0.0,0.0,0.0,0.0,0.0,0.0,0.0,0.0,0.0,0.0
lignite w CCS,0.0,0.0,0.0,0.0,0.0,0.0,0.0,0.0,0.0,0.0,0.0,0.0,0.0,0.0,0.0,0.0,0.0,0.0,0.0,0.0,0.0,0.0,0.0,0.0,0.0,0.0,0.0,0.0,0.0,0.0,0.0
small modular reactor,0.0,0.0,0.0,0.0,0.0,0.0,0.0,0.0,0.0,0.0,0.0,0.0,0.0,0.0,0.0,0.0,0.0,0.0,0.0,0.0,0.0,0.0,0.0,0.0,0.0,0.0,0.0,0.0,0.0,0.0,0.0
hydrogen combustion turbine,0.0,0.0,0.0,0.0,0.0,0.0,0.0,0.0,0.0,0.0,0.0,0.0,0.0,0.0,0.0,0.0,0.0,0.0,0.0,0.0,0.0,0.0,0.0,0.0,0.0,0.0,0.0,0.0,0.0,0.0,0.0
hydrogen combined cycle,0.0,0.0,0.0,0.0,0.0,0.0,0.0,0.0,0.0,0.0,0.0,0.0,0.0,0.0,0.0,0.0,0.0,0.0,0.0,0.0,0.0,0.0,0.0,0.0,0.0,0.0,0.0,0.0,0.0,0.0,0.0
,,,,,,,,,,,,,,,,,,,,,,,,,,,,,,,
,,,,,,,,,,,,,,,,,,,,,,,,,,,,,,,
,,,,,,,,,,,,,,,,,,,,,,,,,,,,,,,
