Policy:,crop and rice measures,Unit: g CO2e,,,,,,,,,,,,,,,,,,,,,,,,,,,,,,,,,,,
Lower Bound,Upper Bound,2015.0,2016.0,2017.0,2018.0,2019.0,2020.0,2021.0,2022.0,2023.0,2024.0,2025.0,2026.0,2027.0,2028.0,2029.0,2030.0,2031.0,2032.0,2033.0,2034.0,2035.0,2036.0,2037.0,2038.0,2039.0,2040.0,2041.0,2042.0,2043.0,2044.0,2045.0,2046.0,2047.0,2048.0,2049.0,2050.0
-1150.0,-1100.0,0.0,0.0,0.0,0.0,0.0,0.0,68960563.75838926,137921127.51677853,206881691.27516782,275842255.03355706,344802818.7919463,275842255.03355706,206881691.27516782,137921127.51677853,68960563.75838926,0.0,3557046.979865772,7114093.959731544,10671140.939597316,14228187.919463089,17785234.89932886,14228187.919463089,10671140.939597316,7114093.959731543,3557046.979865772,0.0,1083890818.7919462,2167781637.5838923,3251672456.3758383,4335563275.167785,5419454093.959731,4335563275.167785,3251672456.3758383,2167781637.583892,1083890818.7919457,0.0
-1100.0,-1050.0,0.0,0.0,0.0,0.0,0.0,0.0,0.0,0.0,0.0,0.0,0.0,0.0,0.0,0.0,0.0,0.0,0.0,0.0,0.0,0.0,0.0,0.0,0.0,0.0,0.0,0.0,0.0,0.0,0.0,0.0,0.0,711409.395973154,1422818.791946309,2134228.187919463,2845637.583892618,3557046.979865772
-1050.0,-1000.0,0.0,0.0,0.0,0.0,0.0,0.0,61181208.05369128,122362416.10738257,183543624.16107386,244724832.21476513,305906040.2684564,244724832.21476513,183543624.16107386,122362416.10738258,61181208.0536913,0.0,0.0,0.0,0.0,0.0,0.0,1091716322.147651,2183432644.295302,3275148966.442953,4366865288.590604,5458581610.738255,4366865288.590604,3275148966.442953,2183432644.2953024,1091716322.1476514,0.0,0.0,0.0,0.0,0.0,0.0
-1000.0,-950.0,0.0,0.0,0.0,0.0,0.0,0.0,0.0,0.0,0.0,0.0,0.0,0.0,0.0,0.0,0.0,0.0,0.0,0.0,0.0,0.0,0.0,0.0,0.0,0.0,0.0,0.0,711409.395973154,1422818.791946309,2134228.187919463,2845637.583892618,3557046.979865772,5157718.120805369,6758389.261744966,8359060.402684563,9959731.54362416,11560402.684563758
-950.0,-900.0,0.0,0.0,0.0,0.0,0.0,0.0,0.0,0.0,0.0,0.0,0.0,0.0,0.0,0.0,0.0,0.0,1094384107.3825505,2188768214.765101,3283152322.1476517,4377536429.530202,5471920536.912753,4377536429.530202,3283152322.1476517,2188768214.7651014,1094384107.382551,0.0,0.0,0.0,0.0,0.0,0.0,0.0,0.0,0.0,0.0,0.0
-900.0,-850.0,0.0,0.0,0.0,0.0,0.0,0.0,0.0,0.0,0.0,0.0,0.0,0.0,0.0,0.0,0.0,0.0,0.0,0.0,0.0,0.0,0.0,711409.395973154,1422818.791946309,2134228.187919463,2845637.583892618,3557046.979865772,5157718.120805369,6758389.261744966,8359060.402684563,9959731.54362416,11560402.684563758,32369127.51677852,53177852.34899329,73986577.18120804,94795302.01342282,115604026.84563757
-850.0,-800.0,0.0,0.0,0.0,0.0,0.0,0.0,0.0,0.0,0.0,0.0,0.0,0.0,0.0,0.0,0.0,0.0,0.0,0.0,0.0,0.0,0.0,0.0,0.0,0.0,0.0,0.0,23120805.369127516,46241610.73825503,69362416.10738255,92483221.47651006,115604026.84563757,111691275.16778523,107778523.48993288,103865771.81208053,99953020.13422818,96040268.45637584
-800.0,-750.0,0.0,0.0,0.0,0.0,0.0,0.0,0.0,0.0,0.0,0.0,0.0,20986577.18120805,41973154.3624161,62959731.543624155,83946308.7248322,104932885.90604027,84657718.12080535,64382550.33557047,44107382.55033557,23832214.765100673,3557046.979865772,5335570.469798658,7114093.959731543,8892617.449664429,10671140.939597314,12449664.429530201,29523489.932885908,46597315.436241604,63671140.93959732,80744966.44295302,97818791.94630873,153973986.57718122,210129181.2080537,266284375.8389262,322439570.4697987,378594765.1006711
-750.0,-700.0,0.0,0.0,0.0,0.0,0.0,0.0,0.0,0.0,0.0,0.0,0.0,0.0,0.0,0.0,0.0,0.0,0.0,0.0,0.0,0.0,0.0,23298657.718120802,46597315.436241604,69895973.15436241,93194630.87248321,116493288.59060404,170158550.33557045,223823812.0805369,277489073.82550335,331154335.5704698,384819597.3154362,896369100.6711409,1407918604.0268455,1919468107.3825502,2431017610.738255,2942567114.09396
-700.0,-650.0,0.0,0.0,0.0,0.0,0.0,0.0,-461810469.7986577,-923620939.5973154,-1385431409.3959732,-1847241879.1946309,-2309052348.9932885,-1172470067.1140938,-35887785.234899044,1100694496.6442957,2237276778.5234904,3373859060.402685,2724875838.9261746,2075892617.4496646,1426909395.9731545,777926174.4966445,128942953.02013424,200927006.7114094,272911060.40268457,344895114.09395975,416879167.7852349,488863221.47651,1006281852.3489932,1523700483.2214763,2041119114.0939593,2558537744.9664426,3075956375.838926,2460765100.6711407,1845573825.5033555,1230382550.3355703,615191275.1677852,0.0
-650.0,-600.0,0.0,0.0,0.0,0.0,0.0,0.0,22765100.67114094,45530201.34228188,68295302.01342282,91060402.68456376,113825503.3557047,94973154.36241609,76120805.3691275,57268456.37583892,38416107.38255033,19563758.389261745,114312912.75167787,209062067.114094,303811221.4765101,398560375.8389262,493309530.2013423,1037050308.7248323,1580791087.2483225,2124531865.7718124,2668272644.295302,3212013422.8187923,2569610738.255034,1927208053.6912756,1284805369.1275172,642402684.5637587,0.0,54198818.791946314,108397637.58389263,162596456.37583894,216795275.16778526,270994093.9597316
-600.0,-550.0,0.0,0.0,0.0,0.0,0.0,0.0,0.0,0.0,0.0,0.0,0.0,1067114.093959732,2134228.187919463,3201342.281879194,4268456.375838926,5335570.469798658,670859060.4026846,1336382550.3355703,2001906040.2684562,2667429530.201342,3332953020.1342287,2666362416.107383,1999771812.080537,1333181208.0536914,666590604.0268457,0.0,6758389.261744966,13516778.523489932,20275167.7852349,27033557.046979863,33791946.30872483,27033557.046979863,20275167.7852349,13516778.523489933,6758389.261744968,0.0
-550.0,-500.0,0.0,0.0,0.0,0.0,0.0,0.0,659522657.7181207,1319045315.4362414,1978567973.1543622,2638090630.872483,3297613288.5906034,2656231570.469798,2014849852.3489928,1373468134.2281876,732086416.1073823,90704697.98657718,72563758.38926177,54422818.791946314,36281879.19463088,18140939.59731544,0.0,7114093.959731544,14228187.919463089,21342281.879194632,28456375.838926177,35570469.79865772,78564590.60402685,121558711.40939598,164552832.2147651,207546953.0201342,250541073.82550335,200432859.0604027,150324644.29530203,100216429.53020136,50108214.76510069,0.0
-500.0,-450.0,0.0,0.0,0.0,0.0,0.0,0.0,8359060.402684564,16718120.805369128,25077181.208053693,33436241.610738255,41795302.01342282,33436241.610738255,25077181.208053693,16718120.80536913,8359060.402684566,0.0,7469798.65771812,14939597.31543624,22409395.97315436,29879194.63087248,37348993.2885906,29879194.63087248,22409395.97315436,14939597.315436238,7469798.657718118,0.0,14182040.268456375,28364080.53691275,42546120.80536912,56728161.0738255,70910201.34228188,70554496.6442953,70198791.94630873,69843087.24832216,69487382.55033559,69131677.85234898
-450.0,-400.0,0.0,0.0,0.0,0.0,0.0,0.0,913080483.2214766,1826160966.442953,2739241449.6644297,3652321932.885906,4565402416.107383,3659258174.4966445,2753113932.885906,1846969691.275168,940825449.6644295,34681208.053691275,27744966.44295302,20808724.832214765,13872483.22147651,6936241.610738255,0.0,14537744.966442952,29075489.932885904,43613234.89932886,58150979.86577181,72688724.83221476,58150979.86577181,43613234.89932886,29075489.932885908,14537744.966442956,0.0,0.0,0.0,0.0,0.0,0.0
-400.0,-350.0,0.0,0.0,0.0,0.0,0.0,0.0,9604026.845637584,19208053.69127517,28812080.536912754,38416107.38255034,48020134.22818792,38416107.38255034,28812080.536912754,19208053.691275172,9604026.845637588,0.0,14715597.31543624,29431194.63087248,44146791.94630872,58862389.26174496,73577986.5771812,111104832.2147651,148631677.85234898,186158523.48993286,223685369.12751675,261212214.76510066,208969771.81208053,156727328.8590604,104484885.90604028,52242442.95302014,0.0,0.0,0.0,0.0,0.0,0.0
-350.0,-300.0,0.0,0.0,0.0,0.0,0.0,0.0,0.0,0.0,0.0,0.0,0.0,1026240724.8322147,2052481449.6644294,3078722174.496644,4104962899.328859,5131203624.161075,4158983865.771812,3186764107.3825502,2214544348.9932885,1242324590.6040268,270104832.2147651,216083865.77181205,162062899.32885903,108041932.88590601,54020966.442953,0.0,0.0,0.0,0.0,0.0,0.0,0.0,0.0,0.0,0.0,0.0
-300.0,-250.0,0.0,0.0,0.0,0.0,0.0,0.0,70963087.24832214,141926174.4966443,212889261.74496642,283852348.9932886,354815436.2416107,283852348.9932886,212889261.74496642,141926174.49664432,70963087.24832217,0.0,0.0,0.0,0.0,0.0,0.0,0.0,0.0,0.0,0.0,0.0,0.0,0.0,0.0,0.0,0.0,0.0,0.0,0.0,0.0,0.0
-250.0,-200.0,0.0,0.0,0.0,0.0,0.0,0.0,0.0,0.0,0.0,0.0,0.0,0.0,0.0,0.0,0.0,0.0,0.0,0.0,0.0,0.0,0.0,0.0,0.0,0.0,0.0,0.0,0.0,0.0,0.0,0.0,0.0,0.0,0.0,0.0,0.0,0.0
-200.0,-150.0,0.0,0.0,0.0,0.0,0.0,0.0,0.0,0.0,0.0,0.0,0.0,39081369.127516784,78162738.25503357,117244107.38255036,156325476.51006714,195406845.6375839,156325476.51006714,117244107.38255036,78162738.25503358,39081369.1275168,0.0,0.0,0.0,0.0,0.0,0.0,0.0,0.0,0.0,0.0,0.0,0.0,0.0,0.0,0.0,0.0
-150.0,-100.0,0.0,0.0,0.0,0.0,0.0,0.0,0.0,0.0,0.0,0.0,0.0,118225664.42953019,236451328.85906038,354676993.28859055,472902657.71812075,591128322.147651,477526818.7919463,363925315.4362416,250323812.08053693,136722308.72483224,23120805.369127516,22942953.02013423,22765100.671140943,22587248.322147656,22409395.97315437,22231543.624161076,22231543.624161076,22231543.624161076,22231543.624161076,22231543.624161076,22231543.624161076,22053691.275167786,21875838.926174495,21697986.577181205,21520134.228187915,21342281.879194632
-100.0,-90.0,0.0,0.0,0.0,0.0,0.0,0.0,0.0,0.0,0.0,0.0,0.0,0.0,0.0,0.0,0.0,0.0,0.0,0.0,0.0,0.0,0.0,0.0,0.0,0.0,0.0,0.0,0.0,0.0,0.0,0.0,0.0,0.0,0.0,0.0,0.0,0.0
-90.0,-80.0,0.0,0.0,0.0,0.0,0.0,0.0,0.0,0.0,0.0,0.0,0.0,0.0,0.0,0.0,0.0,0.0,0.0,0.0,0.0,0.0,0.0,0.0,0.0,0.0,0.0,0.0,0.0,0.0,0.0,0.0,0.0,0.0,0.0,0.0,0.0,0.0
-80.0,-70.0,0.0,0.0,0.0,0.0,0.0,0.0,46551167.7852349,93102335.5704698,139653503.3557047,186204671.1409396,232755838.9261745,186204671.1409396,139653503.3557047,93102335.5704698,46551167.7852349,0.0,0.0,0.0,0.0,0.0,0.0,0.0,0.0,0.0,0.0,0.0,0.0,0.0,0.0,0.0,0.0,0.0,0.0,0.0,0.0,0.0
-70.0,-60.0,0.0,0.0,0.0,0.0,0.0,0.0,0.0,0.0,0.0,0.0,0.0,0.0,0.0,0.0,0.0,0.0,0.0,0.0,0.0,0.0,0.0,0.0,0.0,0.0,0.0,0.0,0.0,0.0,0.0,0.0,0.0,0.0,0.0,0.0,0.0,0.0
-60.0,-50.0,0.0,0.0,0.0,0.0,0.0,0.0,0.0,0.0,0.0,0.0,0.0,0.0,0.0,0.0,0.0,0.0,0.0,0.0,0.0,0.0,0.0,0.0,0.0,0.0,0.0,0.0,0.0,0.0,0.0,0.0,0.0,0.0,0.0,0.0,0.0,0.0
-50.0,-40.0,0.0,0.0,0.0,0.0,0.0,0.0,47130872.48322147,94261744.96644294,141392617.4496644,188523489.9328859,235654362.41610736,188523489.9328859,141392617.4496644,94261744.96644294,47130872.48322147,0.0,0.0,0.0,0.0,0.0,0.0,0.0,0.0,0.0,0.0,0.0,0.0,0.0,0.0,0.0,0.0,0.0,0.0,0.0,0.0,0.0
-40.0,-30.0,0.0,0.0,0.0,0.0,0.0,0.0,0.0,0.0,0.0,0.0,0.0,0.0,0.0,0.0,0.0,0.0,0.0,0.0,0.0,0.0,0.0,0.0,0.0,0.0,0.0,0.0,0.0,0.0,0.0,0.0,0.0,0.0,0.0,0.0,0.0,0.0
-30.0,-20.0,0.0,0.0,0.0,0.0,0.0,0.0,0.0,0.0,0.0,0.0,0.0,0.0,0.0,0.0,0.0,0.0,0.0,0.0,0.0,0.0,0.0,0.0,0.0,0.0,0.0,0.0,0.0,0.0,0.0,0.0,0.0,0.0,0.0,0.0,0.0,0.0
-20.0,-10.0,0.0,0.0,0.0,0.0,0.0,0.0,0.0,0.0,0.0,0.0,0.0,0.0,0.0,0.0,0.0,0.0,0.0,0.0,0.0,0.0,0.0,0.0,0.0,0.0,0.0,0.0,0.0,0.0,0.0,0.0,0.0,0.0,0.0,0.0,0.0,0.0
-10.0,0.0,0.0,0.0,0.0,0.0,0.0,0.0,53965371711.35571,107930743422.71143,161896115134.06714,215861486845.42285,269826858556.77856,271459662476.77856,273092466396.77856,274725270316.77856,276358074236.77856,277990878156.7785,279632260142.8725,281273642128.9665,282915024115.0605,284556406101.1545,286197788087.2484,288056423512.188,289915058937.12756,291773694362.06714,293632329787.0067,295490965211.9463,297127756542.0403,298764547872.1343,300401339202.2283,302038130532.32227,303674921862.4161,305196030325.50336,306717138788.5906,308238247251.6778,309759355714.765,311280464177.85236
0.0,0.0,0.0,0.0,0.0,0.0,0.0,0.0,0.0,0.0,0.0,0.0,0.0,14761744.966442954,29523489.932885908,44285234.89932886,59046979.865771815,73808724.83221477,59046979.865771815,44285234.89932886,29523489.932885904,14761744.96644295,0.0,0.0,0.0,0.0,0.0,0.0,0.0,0.0,0.0,0.0,0.0,0.0,0.0,0.0,0.0,0.0
0.1,10.0,0.0,0.0,0.0,0.0,0.0,0.0,0.0,0.0,0.0,0.0,0.0,0.0,0.0,0.0,0.0,0.0,0.0,0.0,0.0,0.0,0.0,0.0,0.0,0.0,0.0,0.0,0.0,0.0,0.0,0.0,0.0,0.0,0.0,0.0,0.0,0.0
10.0,20.0,0.0,0.0,0.0,0.0,0.0,0.0,5656780646.630873,11313561293.261745,16970341939.892616,22627122586.52349,28283903233.15437,33514110170.442955,38744317107.731544,43974524045.020134,49204730982.30872,54434937919.59732,54761605724.72484,55088273529.852356,55414941334.97987,55741609140.10739,56068276945.2349,56405528430.14765,56742779915.0604,57080031399.97315,57417282884.8859,57754534369.79866,58084117982.92618,58413701596.053696,58743285209.18121,59072868822.30873,59402452435.43625,59736788336.349,60071124237.26175,60405460138.1745,60739796039.08725,61074131940.0
20.0,30.0,0.0,0.0,0.0,0.0,0.0,0.0,9078091530.174496,18156183060.34899,27234274590.523487,36312366120.69798,45390457650.87248,40428309040.80537,35466160430.73825,30504011820.671135,25541863210.60402,20579714600.536915,20655992780.402687,20732270960.26846,20808549140.13423,20884827320.000004,20961105499.865776,21086390172.402687,21211674844.939598,21336959517.47651,21462244190.01342,21587528862.55034,21711153861.852352,21834778861.154366,21958403860.45638,22082028859.758392,22205653859.060406,22330188981.44967,22454724103.838932,22579259226.228195,22703794348.61746,22828329471.006718
30.0,40.0,0.0,0.0,0.0,0.0,0.0,0.0,15295302.01342282,30590604.02684564,45885906.040268466,61181208.05369128,76476510.0671141,61181208.05369128,45885906.040268466,30590604.026845645,15295302.013422824,0.0,0.0,0.0,0.0,0.0,0.0,0.0,0.0,0.0,0.0,0.0,0.0,0.0,0.0,0.0,0.0,0.0,0.0,0.0,0.0,0.0
40.0,50.0,0.0,0.0,0.0,0.0,0.0,0.0,6199928.912751672,12399857.825503344,18599786.738255017,24799715.651006687,30999644.56375836,24799715.651006687,18599786.738255017,12399857.825503346,6199928.912751674,0.0,0.0,0.0,0.0,0.0,0.0,-61582087.73154364,-123164175.46308728,-184746263.19463092,-246328350.92617455,-307910438.6577182,-309655628.1342282,-311400817.6107383,-313146007.0872483,-314891196.5637584,-316636386.0402685,-318420775.5167786,-320205164.9932886,-321989554.4697987,-323773943.9463087,-325558333.4228188
50.0,60.0,0.0,0.0,0.0,0.0,0.0,0.0,9248322.147651006,18496644.29530201,27744966.442953017,36993288.59060402,46241610.73825503,-21041658.953020148,-88324928.64429533,-155608198.3355705,-222891468.0268457,-290174737.7181209,-291937488.42953026,-293700239.14093965,-295462989.85234904,-297225740.5637585,-298988491.2751678,-239190793.02013427,-179393094.76510072,-119595396.51006715,-59797698.25503358,0.0,0.0,0.0,0.0,0.0,0.0,0.0,0.0,0.0,0.0,0.0
60.0,70.0,0.0,0.0,0.0,0.0,0.0,0.0,0.0,0.0,0.0,0.0,0.0,5691275.167785235,11382550.33557047,17073825.503355704,22765100.67114094,28456375.838926174,22765100.67114094,17073825.503355704,11382550.33557047,5691275.167785235,0.0,1714603723.5704699,3429207447.1409397,5143811170.71141,6858414894.281879,8573018617.852349,8621815877.959732,8670613138.067114,8719410398.174496,8768207658.281878,8817004918.389261,11609452200.724833,14401899483.060404,17194346765.395973,19986794047.731544,22779241330.067116
70.0,80.0,0.0,0.0,0.0,0.0,0.0,0.0,0.0,0.0,0.0,0.0,0.0,0.0,0.0,0.0,0.0,0.0,1664849628.9932888,3329699257.9865775,4994548886.979866,6659398515.973155,8324248144.966444,9253016599.838926,10181785054.711409,11110553509.58389,12039321964.456371,12968090419.32886,13041904356.134228,13115718292.939596,13189532229.744963,13263346166.550333,13337160103.355705,10669728082.684565,8002296062.013424,5334864041.342282,2667432020.671142,0.0
80.0,90.0,0.0,0.0,0.0,0.0,0.0,0.0,4245077341.8523493,8490154683.704699,12735232025.557049,16980309367.409397,21225386709.261745,21040904314.416107,20856421919.57047,20671939524.72483,20487457129.879192,20302974735.03356,18760736658.657722,17218498582.281883,15676260505.906044,14134022429.530205,12591784353.154364,10073427482.52349,7555070611.892618,5036713741.261745,2518356870.6308727,0.0,2115154039.1677852,4230308078.3355703,6345462117.503355,8460616156.671141,10575770195.838926,10635449091.382551,10695127986.926176,10754806882.469799,10814485778.013426,10874164673.557049
90.0,100.0,0.0,0.0,0.0,0.0,0.0,0.0,0.0,0.0,0.0,0.0,0.0,0.0,0.0,0.0,0.0,0.0,0.0,0.0,0.0,0.0,0.0,2056623060.8590608,4113246121.7181215,6169869182.577183,8226492243.436243,10283115304.295303,8226492243.436243,6169869182.577183,4113246121.718122,2056623060.8590612,0.0,0.0,0.0,0.0,0.0,0.0
100.0,150.0,0.0,0.0,0.0,0.0,0.0,0.0,2003130789.261745,4006261578.52349,6009392367.785234,8012523157.04698,10015653946.308725,9950936166.201344,9886218386.093962,9821500605.98658,9756782825.879198,9692065045.771812,9794703584.483223,9897342123.194633,9999980661.906044,10102619200.617453,10205257739.328863,8206712902.872485,6208168066.41611,4209623229.9597335,2211078393.503357,212533557.04697987,1070732105.8255036,1928930654.6040275,2787129203.382551,3645327752.1610746,4503526300.939598,4528939456.268457,4554352611.597317,4579765766.926176,4605178922.255035,4630592077.583893
150.0,200.0,0.0,0.0,0.0,0.0,0.0,0.0,903427967.2751678,1806855934.5503356,2710283901.8255033,3613711869.1006713,4517139836.375839,4439154671.275168,4361169506.174498,4283184341.0738263,4205199175.973155,4127214010.8724833,4152138461.288591,4177062911.7046986,4201987362.120806,4226911812.536914,4251836262.9530206,4277249418.28188,4302662573.610739,4328075728.939598,4353488884.268457,4378902039.597317,3544027671.94631,2709153304.2953033,1874278936.6442964,1039404568.9932895,204530201.34228188,537279937.9597316,870029674.5771812,1202779411.1946309,1535529147.8120804,1868278884.42953
200.0,250.0,0.0,0.0,0.0,0.0,0.0,0.0,5845953822.093959,11691907644.187918,17537861466.281876,23383815288.375835,29229769110.469795,23383815288.375835,17537861466.281876,11691907644.187916,5845953822.093957,0.0,307328871.27516776,614657742.5503355,921986613.8255033,1229315485.100671,1536644356.3758388,1545828986.4429529,1555013616.510067,1564198246.577181,1573382876.6442952,1582567506.7114098,1591575487.7583897,1600583468.8053696,1609591449.8523495,1618599430.8993294,1627607411.9463089,1302085929.5570471,976564447.1677853,651042964.7785237,325521482.3892619,0.0
250.0,300.0,0.0,0.0,0.0,0.0,0.0,0.0,727686255.0335572,1455372510.0671144,2183058765.1006713,2910745020.1342287,3638431275.167785,10634428657.85235,17630426040.536915,24626423423.22148,31622420805.906044,38618418188.59061,31372314255.570473,24126210322.55034,16880106389.530203,9634002456.510067,2387898523.489933,1910318818.7919464,1432739114.09396,955159409.3959732,477579704.6979866,0.0,3912751.677852349,7825503.355704698,11738255.033557046,15651006.711409396,19563758.389261745,19385906.040268455,19208053.691275164,19030201.342281874,18852348.993288584,18674496.6442953
300.0,350.0,0.0,0.0,0.0,0.0,0.0,0.0,0.0,0.0,0.0,0.0,0.0,0.0,0.0,0.0,0.0,0.0,7515283731.543625,15030567463.08725,22545851194.630875,30061134926.1745,37576418657.718124,30539959597.315437,23503500536.91275,16467041476.510065,9430582416.10738,2394123355.704698,2384697181.2080536,2375271006.711409,2365844832.2147646,2356418657.71812,2346992483.221476,1877593986.5771809,1408195489.9328856,938796993.2885904,469398496.6442952,0.0
350.0,400.0,0.0,0.0,0.0,0.0,0.0,0.0,17429530.201342277,34859060.402684554,52288590.60402683,69718120.80536911,87147651.0067114,69718120.80536911,52288590.60402683,34859060.402684554,17429530.201342277,0.0,0.0,0.0,0.0,0.0,0.0,7470464939.597316,14940929879.194632,22411394818.791946,29881859758.389263,37352324697.98658,37275848187.919464,37199371677.85234,37122895167.78523,37046418657.71812,36969942147.65101,30036993154.362415,23104044161.07383,16171095167.785238,9238146174.496647,2305197181.2080536
400.0,450.0,0.0,0.0,0.0,0.0,0.0,0.0,52110738.25503357,104221476.51006714,156332214.76510072,208442953.02013427,260553691.27516782,208442953.02013427,156332214.76510072,104221476.51006715,52110738.25503358,0.0,0.0,0.0,0.0,0.0,0.0,0.0,0.0,0.0,0.0,0.0,0.0,0.0,0.0,0.0,0.0,7271046308.724833,14542092617.449665,21813138926.1745,29084185234.89933,36355231543.62416
450.0,500.0,0.0,0.0,0.0,0.0,0.0,0.0,248459731.54362416,496919463.0872483,745379194.6308725,993838926.1744967,1242298657.7181208,1046127516.7785234,849956375.8389261,653785234.8993287,457614093.9597314,261442953.02013424,285453020.1342282,309463087.2483222,333473154.36241615,357483221.4765101,381493288.59060407,305194630.87248325,228895973.15436244,152597315.43624163,76298657.71812081,0.0,0.0,0.0,0.0,0.0,0.0,0.0,0.0,0.0,0.0,0.0
500.0,550.0,0.0,0.0,0.0,0.0,0.0,0.0,64382550.33557048,128765100.67114095,193147651.00671142,257530201.3422819,321912751.6778524,458905208.0536913,595897664.4295303,732890120.8053691,869882577.1812081,1006875033.5570471,1157338120.8053691,1307801208.0536911,1458264295.3020132,1608727382.5503352,1759190469.7986574,1532738281.8791947,1306286093.9597313,1079833906.0402682,853381718.1208051,626929530.2013422,576597315.4362416,526265100.67114097,475932885.9060403,425600671.14093965,375268456.37583894,3450491485.771813,6525714515.1677885,9600937544.563763,12676160573.959736,15751383603.35571
550.0,600.0,0.0,0.0,0.0,0.0,0.0,0.0,892950496.6442953,1785900993.2885907,2678851489.932886,3571801986.5771813,4464752483.221477,3571801986.5771813,2678851489.932886,1785900993.288591,892950496.6442956,0.0,1270570442.95302,2541140885.90604,3811711328.8590603,5082281771.81208,6352852214.7651005,13026843323.060404,19700834431.3557,26374825539.651012,33048816647.946312,39722807756.241615,41710494807.35571,43698181858.46981,45685868909.58391,47673555960.698006,49661243011.81209,46863766391.73155,44066289771.65102,41268813151.57048,38471336531.489944,35673859911.4094
600.0,650.0,0.0,0.0,0.0,0.0,0.0,0.0,25966442.953020133,51932885.906040266,77899328.8590604,103865771.81208053,129832214.76510067,142815436.24161074,155798657.7181208,168781879.1946309,181765100.67114097,194748322.14765102,3059961622.1476517,5925174922.147652,8790388222.147652,11655601522.147652,14520814822.147654,14874481156.295303,15228147490.442953,15581813824.590603,15935480158.738253,16289146492.885906,20529983913.27517,24770821333.664433,29011658754.053696,33252496174.44296,37493333594.832214,40296200107.24832,43099066619.66443,45901933132.080536,48704799644.49664,51507666156.91276
650.0,700.0,0.0,0.0,0.0,0.0,0.0,0.0,6123516661.798658,12247033323.597317,18370549985.395973,24494066647.194633,30617583308.99329,27313624232.885906,24009665156.77852,20705706080.67114,17401747004.563755,14097787928.456379,17750869563.812084,21403951199.16779,25057032834.523495,28710114469.8792,32363196105.2349,40466638673.10067,48570081240.96644,56673523808.83221,64776966376.697975,72880408944.56375,70169961486.68456,67459514028.80536,64749066570.92616,62038619113.04697,59328171655.167786,62077122270.09396,64826072885.02014,67575023499.94632,70323974114.8725,73072924729.79866
700.0,750.0,0.0,0.0,0.0,0.0,0.0,0.0,3139344801.342282,6278689602.684564,9418034404.026846,12557379205.369127,15696724006.711409,18910910552.61745,22125097098.52349,25339283644.429527,28553470190.33557,31767656736.241615,28257652760.97987,24747648785.718124,21237644810.45638,17727640835.194633,14217636859.932886,19188407237.61074,24159177615.288597,29129947992.966454,34100718370.644306,39071488748.32216,36490779031.81209,33910069315.302017,31329359598.791946,28748649882.281876,26167940165.771812,26558985820.75168,26950031475.731544,27341077130.71141,27732122785.691277,28123168440.671143
750.0,800.0,0.0,0.0,0.0,0.0,0.0,0.0,6679924399.852349,13359848799.704699,20039773199.55705,26719697599.409397,33399621999.261745,33308973204.832214,33218324410.402683,33127675615.973152,33037026821.54362,32946378027.114094,37662751991.1141,42379125955.1141,47095499919.1141,51811873883.1141,56528247847.1141,50266224653.15437,44004201459.19463,37742178265.2349,31480155071.27517,25218131877.315437,25361124512.80537,25504117148.295303,25647109783.785233,25790102419.27517,25933095054.765102,20746476043.81208,15559857032.85906,10373238021.90604,5186619010.95302,0.0
800.0,850.0,0.0,0.0,0.0,0.0,0.0,0.0,8255740060.214767,16511480120.429535,24767220180.644302,33022960240.85907,41278700301.07384,43909330565.90605,46539960830.738266,49170591095.57048,51801221360.402695,54431851625.2349,51133024647.1141,47834197668.99329,44535370690.87249,41236543712.751686,37937716734.630875,30350173387.7047,22762630040.778526,15175086693.852352,7587543346.926177,0.0,4842430194.040269,9684860388.080538,14527290582.120808,19369720776.161076,24212150970.201344,24355004210.60403,24497857451.006718,24640710691.409405,24783563931.812088,24926417172.21477
850.0,900.0,0.0,0.0,0.0,0.0,0.0,0.0,7350991429.342282,14701982858.684565,22052974288.026848,29403965717.36913,36754957146.71141,34203827470.255035,31652697793.79866,29101568117.342285,26550438440.88591,23999308764.429527,25151222737.50336,26303136710.577187,27455050683.651012,28606964656.72484,29758878629.79866,28554303927.973156,27349729226.14765,26145154524.322147,24940579822.49664,23736005120.671143,18988804096.536915,14241603072.402687,9494402048.26846,4747201024.134231,0.0,0.0,0.0,0.0,0.0,0.0
900.0,950.0,0.0,0.0,0.0,0.0,0.0,0.0,4755161962.630873,9510323925.261745,14265485887.892616,19020647850.52349,23775809813.154366,24779098726.22819,25782387639.302017,26785676552.375843,27788965465.44967,28792254378.52349,23110813569.932884,17429372761.342278,11747931952.751673,6066491144.161068,385050335.5704698,1369107382.5503356,2353164429.5302014,3337221476.510067,4321278523.489933,5305335570.469799,5226369127.516779,5147402684.563759,5068436241.610739,4989469798.657719,4910503355.704698,3928402684.563758,2946302013.422818,1964201342.2818787,982100671.1409392,0.0
950.0,1000.0,0.0,0.0,0.0,0.0,0.0,0.0,0.0,0.0,0.0,0.0,0.0,0.0,0.0,0.0,0.0,0.0,4571800626.013422,9143601252.026844,13715401878.040266,18287202504.053688,22859003130.067112,18287202504.053688,13715401878.040266,9143601252.026844,4571800626.013422,0.0,0.0,0.0,0.0,0.0,0.0,940838926.1744967,1881677852.3489933,2822516778.52349,3763355704.6979866,4704194630.872483
1000.0,1050.0,0.0,0.0,0.0,0.0,0.0,0.0,4450584724.590605,8901169449.18121,13351754173.771814,17802338898.36242,22252923622.953022,22240138318.389263,22227353013.825504,22214567709.261745,22201782404.697987,22188997100.134228,17751197680.107384,13313398260.080538,8875598840.053692,4437799420.026846,0.0,0.0,0.0,0.0,0.0,0.0,74342281.87919465,148684563.7583893,223026845.6375839,297369127.5167786,371711409.39597315,369932885.90604025,368154362.41610736,366375838.92617446,364597315.4362415,362818791.94630873
1050.0,1100.0,0.0,0.0,0.0,0.0,0.0,0.0,0.0,0.0,0.0,0.0,0.0,160383409.39597315,320766818.7919463,481150228.18791944,641533637.5838926,801917046.9798657,641533637.5838926,481150228.18791944,320766818.7919463,160383409.39597315,0.0,0.0,0.0,0.0,0.0,0.0,0.0,0.0,0.0,0.0,0.0,0.0,0.0,0.0,0.0,0.0
1100.0,1150.0,0.0,0.0,0.0,0.0,0.0,0.0,0.0,0.0,0.0,0.0,0.0,63848993.288590595,127697986.57718119,191546979.86577177,255395973.15436238,319244966.44295293,255395973.15436238,191546979.86577177,127697986.57718118,63848993.28859059,0.0,0.0,0.0,0.0,0.0,0.0,0.0,0.0,0.0,0.0,0.0,0.0,0.0,0.0,0.0,0.0
1150.0,1200.0,0.0,0.0,0.0,0.0,0.0,0.0,0.0,0.0,0.0,0.0,0.0,0.0,0.0,0.0,0.0,0.0,0.0,0.0,0.0,0.0,0.0,0.0,0.0,0.0,0.0,0.0,0.0,0.0,0.0,0.0,0.0,0.0,0.0,0.0,0.0,0.0
1200.0,1250.0,0.0,0.0,0.0,0.0,0.0,0.0,148289449.66442955,296578899.3288591,444868348.99328864,593157798.6577182,741447248.3221477,593157798.6577182,444868348.99328864,296578899.3288591,148289449.66442955,0.0,0.0,0.0,0.0,0.0,0.0,0.0,0.0,0.0,0.0,0.0,0.0,0.0,0.0,0.0,0.0,0.0,0.0,0.0,0.0,0.0
1250.0,1300.0,0.0,0.0,0.0,0.0,0.0,0.0,0.0,0.0,0.0,0.0,0.0,0.0,0.0,0.0,0.0,0.0,0.0,0.0,0.0,0.0,0.0,0.0,0.0,0.0,0.0,0.0,0.0,0.0,0.0,0.0,0.0,0.0,0.0,0.0,0.0,0.0
1300.0,1350.0,0.0,0.0,0.0,0.0,0.0,0.0,0.0,0.0,0.0,0.0,0.0,0.0,0.0,0.0,0.0,0.0,0.0,0.0,0.0,0.0,0.0,0.0,0.0,0.0,0.0,0.0,0.0,0.0,0.0,0.0,0.0,0.0,0.0,0.0,0.0,0.0
1350.0,1400.0,0.0,0.0,0.0,0.0,0.0,0.0,0.0,0.0,0.0,0.0,0.0,0.0,0.0,0.0,0.0,0.0,0.0,0.0,0.0,0.0,0.0,0.0,0.0,0.0,0.0,0.0,0.0,0.0,0.0,0.0,0.0,0.0,0.0,0.0,0.0,0.0
1400.0,1450.0,0.0,0.0,0.0,0.0,0.0,0.0,0.0,0.0,0.0,0.0,0.0,0.0,0.0,0.0,0.0,0.0,0.0,0.0,0.0,0.0,0.0,0.0,0.0,0.0,0.0,0.0,0.0,0.0,0.0,0.0,0.0,0.0,0.0,0.0,0.0,0.0
1450.0,1500.0,0.0,0.0,0.0,0.0,0.0,0.0,0.0,0.0,0.0,0.0,0.0,0.0,0.0,0.0,0.0,0.0,0.0,0.0,0.0,0.0,0.0,0.0,0.0,0.0,0.0,0.0,0.0,0.0,0.0,0.0,0.0,0.0,0.0,0.0,0.0,0.0
1500.0,1550.0,0.0,0.0,0.0,0.0,0.0,0.0,0.0,0.0,0.0,0.0,0.0,0.0,0.0,0.0,0.0,0.0,0.0,0.0,0.0,0.0,0.0,0.0,0.0,0.0,0.0,0.0,0.0,0.0,0.0,0.0,0.0,0.0,0.0,0.0,0.0,0.0
1550.0,1600.0,0.0,0.0,0.0,0.0,0.0,0.0,149273174911.43622,298546349822.87244,447819524734.30865,597092699645.7449,746365874557.1812,764632135138.0133,782898395718.8455,801164656299.6776,819430916880.5099,837697177461.3422,842896203535.9999,848095229610.6576,853294255685.3153,858493281759.973,863692307834.631,868848107253.1813,874003906671.7316,879159706090.2819,884315505508.8322,889471304927.3824,894527732603.5436,899584160279.7047,904640587955.8657,909697015632.027,914753443308.188,919908531185.6376,925063619063.0872,930218706940.5367,935373794817.9862,940528882695.4362
