Unit: BTU,2021.0,2022.0,2023.0,2024.0,2025.0,2026.0,2027.0,2028.0,2029.0,2030.0,2031.0,2032.0,2033.0,2034.0,2035.0,2036.0,2037.0,2038.0,2039.0,2040.0,2041.0,2042.0,2043.0,2044.0,2045.0,2046.0,2047.0,2048.0,2049.0,2050.0
agriculture and forestry 01T03,0.0,0.0,0.0,0.0,0.0,0.0,0.0,0.0,0.0,0.0,0.0,0.0,0.0,0.0,0.0,0.0,0.0,0.0,0.0,0.0,0.0,0.0,0.0,0.0,0.0,0.0,0.0,0.0,0.0,0.0
coal mining 05,0.0,0.0,0.0,0.0,0.0,0.0,0.0,0.0,0.0,0.0,0.0,0.0,0.0,0.0,0.0,0.0,0.0,0.0,0.0,0.0,0.0,0.0,0.0,0.0,0.0,0.0,0.0,0.0,0.0,0.0
oil and gas extraction 06,0.0,0.0,0.0,0.0,0.0,0.0,0.0,0.0,0.0,0.0,0.0,0.0,0.0,0.0,0.0,0.0,0.0,0.0,0.0,0.0,0.0,0.0,0.0,0.0,0.0,0.0,0.0,0.0,0.0,0.0
other mining and quarrying 07T08,0.0,0.0,0.0,0.0,0.0,0.0,0.0,0.0,0.0,0.0,0.0,0.0,0.0,0.0,0.0,0.0,0.0,0.0,0.0,0.0,0.0,0.0,0.0,0.0,0.0,0.0,0.0,0.0,0.0,0.0
food beverage and tobacco 10T12,13503874729.851105,13828702426.14749,12912324199.60328,13059267252.16113,13203573054.472513,13349910517.117823,13491400757.663954,13620404782.423399,13731458953.956087,13824747878.639069,13900617258.010015,13956188990.471806,14017450741.133553,14056330582.226692,14074409269.520685,14082256871.727175,14090921274.586317,14100417072.5242,14109801377.533978,14121015452.592468,14133196682.198902,14146758918.615894,14160578571.1236,14174183256.424131,14187115537.68192,14199881545.628061,14214178835.442408,14227956811.502487,14240097428.389736,14255550609.345963
textiles apparel and leather 13T15,4643255113.9944515,4754945861.440528,4271350203.47833,4320453914.867927,4378635466.614755,4464054649.611982,4559803750.251881,4649916669.63081,4727948752.77134,4792247491.188961,4849873209.42375,4916333287.108173,4982521749.100922,5042027253.973969,5098689476.263054,5151431480.920601,5209946223.067445,5273887103.850403,5336414814.979185,5407643799.694104,5485576791.729027,5566880418.342715,5649126118.472559,5729564835.03868,5807302178.868516,5886250144.539087,5970897161.430279,6050974212.402276,6121968308.635469,6213549236.096349
wood products 16,0.0,0.0,0.0,0.0,0.0,0.0,0.0,0.0,0.0,0.0,0.0,0.0,0.0,0.0,0.0,0.0,0.0,0.0,0.0,0.0,0.0,0.0,0.0,0.0,0.0,0.0,0.0,0.0,0.0,0.0
pulp paper and printing 17T18,780097746583.5454,798862535133.3524,700717910111.6902,659429949999.8765,628783824383.972,611958961833.6055,596514101068.2845,581699476351.9153,567430572464.9152,553377291541.562,541218144291.26666,530029244199.1578,520293493331.7114,510422345038.3135,500751891784.3203,487697025232.9152,475758542866.7296,466327422398.7896,451550628124.7883,443131765701.6095,433463400421.16907,421484909667.22473,407611624681.1605,393278377356.55347,380263920204.1315,367401938112.32306,354902522548.6343,341327398152.1834,328366773250.5287,317798710593.5727
refined petroleum and coke 19,0.0,0.0,0.0,0.0,0.0,0.0,0.0,0.0,0.0,0.0,0.0,0.0,0.0,0.0,0.0,0.0,0.0,0.0,0.0,0.0,0.0,0.0,0.0,0.0,0.0,0.0,0.0,0.0,0.0,0.0
chemicals 20,2486402086390.9043,2546211013676.3096,2379677257989.4995,2403962873070.8247,2430584980835.6284,2456178835194.7803,2479578217842.2285,2500323342136.042,2518027285570.0625,2532527083295.3633,2543777571444.098,2551458746326.434,2560797542760.825,2566181744880.675,2567401051670.6313,2566214974658.1895,2565049735920.5176,2563548718541.8394,2562274717033.9043,2561290822383.4463,2560090835174.419,2558803539188.3394,2557429513808.3613,2555933218411.0244,2554260141514.742,2553021899001.712,2551861175139.516,2550165554439.49,2548823455621.638,2548101962185.535
rubber and plastic products 22,0.0,0.0,0.0,0.0,0.0,0.0,0.0,0.0,0.0,0.0,0.0,0.0,0.0,0.0,0.0,0.0,0.0,0.0,0.0,0.0,0.0,0.0,0.0,0.0,0.0,0.0,0.0,0.0,0.0,0.0
glass and glass products 231,0.0,0.0,0.0,0.0,0.0,0.0,0.0,0.0,0.0,0.0,0.0,0.0,0.0,0.0,0.0,0.0,0.0,0.0,0.0,0.0,0.0,0.0,0.0,0.0,0.0,0.0,0.0,0.0,0.0,0.0
cement and other nonmetallic minerals 239,1025771655819.6798,1050445984525.4609,915237611359.821,876689663788.128,855707916122.5522,836376564107.7147,813853845789.8181,785524582023.1198,739886034969.8484,695960130341.1649,654513937720.6112,613295537498.6664,680466836034.8219,646062675875.0142,614301909394.0122,581899811597.9636,549187641823.1157,518431894093.34766,501014424801.16376,487107846177.8794,473561899921.8598,458414145666.3318,441809209413.17554,425198382723.39435,412603247962.88763,399743536788.1995,387234860521.2809,374990293009.5948,362659824901.23267,350846327667.2792
iron and steel 241,63581381362.02454,65110793775.00508,64366030071.49082,64589408691.132675,62853576367.89509,62089797047.43582,60873942827.00817,59329935041.3437,57811334779.46319,55736808561.003845,53857166974.15447,52634539226.19368,52164974574.99768,51783465320.44427,51524139708.78556,51237733676.112114,51138805852.48328,50485844379.974846,49552967574.91813,48956833730.673965,48733961247.73392,48711671321.66747,48476281804.41423,48103584743.1681,47618525909.790215,47264051204.249664,46988323293.97922,46440423875.02526,46130304772.715126,46219239595.82811
other metals 242,0.0,0.0,0.0,0.0,0.0,0.0,0.0,0.0,0.0,0.0,0.0,0.0,0.0,0.0,0.0,0.0,0.0,0.0,0.0,0.0,0.0,0.0,0.0,0.0,0.0,0.0,0.0,0.0,0.0,0.0
metal products except machinery and vehicles 25,0.0,0.0,0.0,0.0,0.0,0.0,0.0,0.0,0.0,0.0,0.0,0.0,0.0,0.0,0.0,0.0,0.0,0.0,0.0,0.0,0.0,0.0,0.0,0.0,0.0,0.0,0.0,0.0,0.0,0.0
computers and electronics 26,0.0,0.0,0.0,0.0,0.0,0.0,0.0,0.0,0.0,0.0,0.0,0.0,0.0,0.0,0.0,0.0,0.0,0.0,0.0,0.0,0.0,0.0,0.0,0.0,0.0,0.0,0.0,0.0,0.0,0.0
appliances and electrical equipment 27,0.0,0.0,0.0,0.0,0.0,0.0,0.0,0.0,0.0,0.0,0.0,0.0,0.0,0.0,0.0,0.0,0.0,0.0,0.0,0.0,0.0,0.0,0.0,0.0,0.0,0.0,0.0,0.0,0.0,0.0
other machinery 28,0.0,0.0,0.0,0.0,0.0,0.0,0.0,0.0,0.0,0.0,0.0,0.0,0.0,0.0,0.0,0.0,0.0,0.0,0.0,0.0,0.0,0.0,0.0,0.0,0.0,0.0,0.0,0.0,0.0,0.0
road vehicles 29,0.0,0.0,0.0,0.0,0.0,0.0,0.0,0.0,0.0,0.0,0.0,0.0,0.0,0.0,0.0,0.0,0.0,0.0,0.0,0.0,0.0,0.0,0.0,0.0,0.0,0.0,0.0,0.0,0.0,0.0
nonroad vehicles 30,0.0,0.0,0.0,0.0,0.0,0.0,0.0,0.0,0.0,0.0,0.0,0.0,0.0,0.0,0.0,0.0,0.0,0.0,0.0,0.0,0.0,0.0,0.0,0.0,0.0,0.0,0.0,0.0,0.0,0.0
other manufacturing 31T33,0.0,0.0,0.0,0.0,0.0,0.0,0.0,0.0,0.0,0.0,0.0,0.0,0.0,0.0,0.0,0.0,0.0,0.0,0.0,0.0,0.0,0.0,0.0,0.0,0.0,0.0,0.0,0.0,0.0,0.0
energy pipelines and gas processing 352T353,0.0,0.0,0.0,0.0,0.0,0.0,0.0,0.0,0.0,0.0,0.0,0.0,0.0,0.0,0.0,0.0,0.0,0.0,0.0,0.0,0.0,0.0,0.0,0.0,0.0,0.0,0.0,0.0,0.0,0.0
water and waste 36T39,0.0,0.0,0.0,0.0,0.0,0.0,0.0,0.0,0.0,0.0,0.0,0.0,0.0,0.0,0.0,0.0,0.0,0.0,0.0,0.0,0.0,0.0,0.0,0.0,0.0,0.0,0.0,0.0,0.0,0.0
construction 41T43,0.0,0.0,0.0,0.0,0.0,0.0,0.0,0.0,0.0,0.0,0.0,0.0,0.0,0.0,0.0,0.0,0.0,0.0,0.0,0.0,0.0,0.0,0.0,0.0,0.0,0.0,0.0,0.0,0.0,0.0
