Unit: BTU,2024.0,2025.0,2026.0,2027.0,2028.0,2029.0,2030.0,2031.0,2032.0,2033.0,2034.0,2035.0,2036.0,2037.0,2038.0,2039.0,2040.0,2041.0,2042.0,2043.0,2044.0,2045.0,2046.0,2047.0,2048.0,2049.0,2050.0
agriculture and forestry 01T03,4513800000000.0,4438930000000.0,4365560000000.0,4443020000000.0,4539870000000.0,4602770000000.0,4660420000000.0,4720080000000.0,4826970000000.0,4848170000000.0,4909130000000.0,4974630000000.0,5038680000000.0,5119350000000.0,5201180000000.0,5279480000000.0,5344490000000.0,5395960000000.0,5453220000000.0,5507940000000.0,5567050000000.0,5632990000000.0,5702400000000.0,5772510000000.0,5843700000000.0,5914570000000.0,5986360000000.0
coal mining 05,180920000000.0,196443000000.0,191421000000.0,184450000000.0,172216000000.0,168967000000.0,171626000000.0,155830000000.0,153404000000.0,150906000000.0,146607000000.0,145365000000.0,145106000000.0,144279000000.0,142747000000.0,141630000000.0,138140000000.0,136330000000.0,134538000000.0,132876000000.0,131665000000.0,129569000000.0,128783000000.0,129288000000.0,129002000000.0,126790000000.0,122505000000.0
oil and gas extraction 06,21594700000000.0,22155700000000.0,23658100000000.0,23588800000000.0,23855600000000.0,24059500000000.0,24609800000000.0,25093600000000.0,25480700000000.0,25766200000000.0,26107500000000.0,26179100000000.0,26267000000000.0,26371700000000.0,26449500000000.0,26565300000000.0,26840900000000.0,27178500000000.0,27348100000000.0,27533700000000.0,27619000000000.0,27664900000000.0,27716400000000.0,27815200000000.0,27826500000000.0,27782400000000.0,27692800000000.0
other mining and quarrying 07T08,160000000000.0,168895000000.0,167239000000.0,165902000000.0,163648000000.0,163410000000.0,164163000000.0,165889000000.0,167984000000.0,170021000000.0,172598000000.0,175340000000.0,177161000000.0,179258000000.0,181778000000.0,183946000000.0,185681000000.0,187266000000.0,188813000000.0,190781000000.0,192857000000.0,195153000000.0,196879000000.0,198492000000.0,199743000000.0,201117000000.0,202551000000.0
food beverage and tobacco 10T12,276172000000.0,311122000000.0,414207000000.0,318070000000.0,290692000000.0,273891000000.0,283225000000.0,269535000000.0,270676000000.0,262276000000.0,259579000000.0,255327000000.0,253875000000.0,251801000000.0,249209000000.0,247757000000.0,245268000000.0,241534000000.0,237282000000.0,233341000000.0,230023000000.0,227015000000.0,226082000000.0,225045000000.0,223904000000.0,222971000000.0,222141000000.0
textiles apparel and leather 13T15,0.0,0.0,0.0,0.0,0.0,0.0,0.0,0.0,0.0,0.0,0.0,0.0,0.0,0.0,0.0,0.0,0.0,0.0,0.0,0.0,0.0,0.0,0.0,0.0,0.0,0.0,0.0
wood products 16,1856290000000.0,1911110000000.0,1854380000000.0,1657020000000.0,1648920000000.0,1711370000000.0,1743310000000.0,1691820000000.0,1691350000000.0,1714230000000.0,1761420000000.0,1791450000000.0,1824350000000.0,1847230000000.0,1869160000000.0,1883930000000.0,1883460000000.0,1851040000000.0,1827680000000.0,1790500000000.0,1762850000000.0,1766190000000.0,1770960000000.0,1780010000000.0,1786690000000.0,1801470000000.0,1812910000000.0
pulp paper and printing 17T18,965728000000.0,940270000000.0,931317000000.0,954537000000.0,953978000000.0,952579000000.0,964049000000.0,962371000000.0,967686000000.0,964888000000.0,968525000000.0,976359000000.0,993704000000.0,1004610000000.0,1018880000000.0,1043500000000.0,1061410000000.0,1058330000000.0,1033150000000.0,1009650000000.0,991745000000.0,978037000000.0,983073000000.0,988108000000.0,992864000000.0,997900000000.0,1001820000000.0
refined petroleum and coke 19,5707260000000.0,5707260000000.0,5707260000000.0,5707260000000.0,5707260000000.0,5707260000000.0,5707260000000.0,5707260000000.0,5707260000000.0,5707260000000.0,5707260000000.0,5707260000000.0,5707260000000.0,5707260000000.0,5707260000000.0,5707260000000.0,5707260000000.0,5707260000000.0,5707260000000.0,5707260000000.0,5707260000000.0,5707260000000.0,5707260000000.0,5707260000000.0,5707260000000.0,5707260000000.0,5707260000000.0
chemicals 20,11891300000000.0,13018800000000.0,14479400000000.0,12366800000000.0,11893300000000.0,11462000000000.0,11738800000000.0,11574300000000.0,11712800000000.0,11686700000000.0,11811100000000.0,11913400000000.0,12073900000000.0,12208300000000.0,12310600000000.0,12489200000000.0,12651700000000.0,12816200000000.0,12968700000000.0,13121200000000.0,13291700000000.0,13488300000000.0,13781200000000.0,14054100000000.0,14300900000000.0,14513500000000.0,14768300000000.0
rubber and plastic products 22,0.0,0.0,0.0,0.0,0.0,0.0,0.0,0.0,0.0,0.0,0.0,0.0,0.0,0.0,0.0,0.0,0.0,0.0,0.0,0.0,0.0,0.0,0.0,0.0,0.0,0.0,0.0
glass and glass products 231,0.0,0.0,0.0,0.0,0.0,0.0,0.0,0.0,0.0,0.0,0.0,0.0,0.0,0.0,0.0,0.0,0.0,0.0,0.0,0.0,0.0,0.0,0.0,0.0,0.0,0.0,0.0
cement and other nonmetallic minerals 239,0.0,0.0,0.0,0.0,0.0,0.0,0.0,0.0,0.0,0.0,0.0,0.0,0.0,0.0,0.0,0.0,0.0,0.0,0.0,0.0,0.0,0.0,0.0,0.0,0.0,0.0,0.0
iron and steel 241,89125400000.0,89125400000.0,89125400000.0,89125400000.0,89125400000.0,89125400000.0,89125400000.0,89125400000.0,89125400000.0,89125400000.0,89125400000.0,89125400000.0,89125400000.0,89125400000.0,89125400000.0,89125400000.0,89125400000.0,89125400000.0,89125400000.0,89125400000.0,89125400000.0,89125400000.0,89125400000.0,89125400000.0,89125400000.0,89125400000.0,89125400000.0
other metals 242,1245460000000.0,1378300000000.0,1677210000000.0,1394910000000.0,1311880000000.0,1262060000000.0,1311880000000.0,1278670000000.0,1278670000000.0,1262060000000.0,1262060000000.0,1262060000000.0,1262060000000.0,1262060000000.0,1262060000000.0,1245460000000.0,1245460000000.0,1245460000000.0,1228850000000.0,1228850000000.0,1212240000000.0,1212240000000.0,1212240000000.0,1212240000000.0,1212240000000.0,1212240000000.0,1212240000000.0
metal products except machinery and vehicles 25,792988000000.0,818335000000.0,821956000000.0,840060000000.0,836439000000.0,832818000000.0,836439000000.0,840060000000.0,850923000000.0,858165000000.0,869028000000.0,879891000000.0,887133000000.0,897996000000.0,905237000000.0,912479000000.0,919721000000.0,926963000000.0,937826000000.0,945068000000.0,959552000000.0,974035000000.0,984898000000.0,988519000000.0,992140000000.0,1003000000000.0,1013870000000.0
computers and electronics 26,0.0,0.0,0.0,0.0,0.0,0.0,0.0,0.0,0.0,0.0,0.0,0.0,0.0,0.0,0.0,0.0,0.0,0.0,0.0,0.0,0.0,0.0,0.0,0.0,0.0,0.0,0.0
appliances and electrical equipment 27,0.0,0.0,0.0,0.0,0.0,0.0,0.0,0.0,0.0,0.0,0.0,0.0,0.0,0.0,0.0,0.0,0.0,0.0,0.0,0.0,0.0,0.0,0.0,0.0,0.0,0.0,0.0
other machinery 28,521526000000.0,532765000000.0,555245000000.0,530517000000.0,530517000000.0,535013000000.0,546253000000.0,550749000000.0,561989000000.0,559741000000.0,561989000000.0,568733000000.0,573229000000.0,575477000000.0,575477000000.0,575477000000.0,575477000000.0,577725000000.0,577725000000.0,575477000000.0,575477000000.0,575477000000.0,577725000000.0,579972000000.0,579972000000.0,579972000000.0,577725000000.0
road vehicles 29,0.0,0.0,0.0,0.0,0.0,0.0,0.0,0.0,0.0,0.0,0.0,0.0,0.0,0.0,0.0,0.0,0.0,0.0,0.0,0.0,0.0,0.0,0.0,0.0,0.0,0.0,0.0
nonroad vehicles 30,0.0,0.0,0.0,0.0,0.0,0.0,0.0,0.0,0.0,0.0,0.0,0.0,0.0,0.0,0.0,0.0,0.0,0.0,0.0,0.0,0.0,0.0,0.0,0.0,0.0,0.0,0.0
other manufacturing 31T33,0.0,0.0,0.0,0.0,0.0,0.0,0.0,0.0,0.0,0.0,0.0,0.0,0.0,0.0,0.0,0.0,0.0,0.0,0.0,0.0,0.0,0.0,0.0,0.0,0.0,0.0,0.0
energy pipelines and gas processing 352T353,0.0,0.0,0.0,0.0,0.0,0.0,0.0,0.0,0.0,0.0,0.0,0.0,0.0,0.0,0.0,0.0,0.0,0.0,0.0,0.0,0.0,0.0,0.0,0.0,0.0,0.0,0.0
water and waste 36T39,0.0,0.0,0.0,0.0,0.0,0.0,0.0,0.0,0.0,0.0,0.0,0.0,0.0,0.0,0.0,0.0,0.0,0.0,0.0,0.0,0.0,0.0,0.0,0.0,0.0,0.0,0.0
construction 41T43,10205700000000.0,10414300000000.0,10178700000000.0,10248900000000.0,10318900000000.0,10479400000000.0,10644600000000.0,10796300000000.0,10946300000000.0,11071600000000.0,11150800000000.0,11256700000000.0,11344300000000.0,11414700000000.0,11469400000000.0,11510500000000.0,11526200000000.0,11529300000000.0,11572200000000.0,11598500000000.0,11633400000000.0,11716100000000.0,11803100000000.0,11881400000000.0,11961100000000.0,12054300000000.0,12164000000000.0
